<?xml version="1.0" encoding="utf-8" ?>
<dwsync>
<file name="glyphicons-halflings-regular.eot" server="C:/AppServ/www/tedt/" local="131139025820000000" remote="131139025820000000" Dst="0" />
<file name="glyphicons-halflings-regular.woff2" server="C:/AppServ/www/tedt/" local="131139025820000000" remote="131139025820000000" Dst="0" />
<file name="glyphicons-halflings-regular.woff" server="C:/AppServ/www/tedt/" local="131139025820000000" remote="131139025820000000" Dst="0" />
<file name="glyphicons-halflings-regular.ttf" server="C:/AppServ/www/tedt/" local="131139025820000000" remote="131139025820000000" Dst="0" />
<file name="glyphicons-halflings-regular.eot" server="OS/Applications/XAMPP/xamppfiles/htdocs/sp/" local="3552273782" remote="318763443945170294" Dst="-1" />
<file name="glyphicons-halflings-regular.woff2" server="OS/Applications/XAMPP/xamppfiles/htdocs/sp/" local="3552273782" remote="318763443945170294" Dst="-1" />
<file name="glyphicons-halflings-regular.woff" server="OS/Applications/XAMPP/xamppfiles/htdocs/sp/" local="3552273782" remote="318763443945170294" Dst="-1" />
<file name="glyphicons-halflings-regular.ttf" server="OS/Applications/XAMPP/xamppfiles/htdocs/sp/" local="3552273782" remote="318763443945170294" Dst="-1" />
<file name="glyphicons-halflings-regular.eot" server="C:/xampp/htdocs/KPI-complete8-3-2018/KPI/" local="131139025820000000" remote="131139025820000000" Dst="0" />
<file name="glyphicons-halflings-regular.woff2" server="C:/xampp/htdocs/KPI-complete8-3-2018/KPI/" local="131139025820000000" remote="131139025820000000" Dst="0" />
<file name="glyphicons-halflings-regular.woff" server="C:/xampp/htdocs/KPI-complete8-3-2018/KPI/" local="131139025820000000" remote="131139025820000000" Dst="0" />
<file name="glyphicons-halflings-regular.ttf" server="C:/xampp/htdocs/KPI-complete8-3-2018/KPI/" local="131139025820000000" remote="131139025820000000" Dst="0" />
<file name="glyphicons-halflings-regular.eot" server="C:/xampp/htdocs/KPI1/" local="131658398558457021" remote="131658398550000000" Dst="0" />
<file name="glyphicons-halflings-regular.woff2" server="C:/xampp/htdocs/KPI1/" local="131658398558757038" remote="131658398550000000" Dst="0" />
<file name="glyphicons-halflings-regular.woff" server="C:/xampp/htdocs/KPI1/" local="131658398559767096" remote="131658398550000000" Dst="0" />
<file name="glyphicons-halflings-regular.ttf" server="C:/xampp/htdocs/KPI1/" local="131658398559467079" remote="131658398550000000" Dst="0" />
<file name="glyphicons-halflings-regular.eot" server="C:/xampp/htdocs/KPI8/" local="131658398558457021" remote="131658398550000000" Dst="0" />
<file name="glyphicons-halflings-regular.woff2" server="C:/xampp/htdocs/KPI8/" local="131658398558757038" remote="131658398550000000" Dst="0" />
<file name="glyphicons-halflings-regular.woff" server="C:/xampp/htdocs/KPI8/" local="131658398559767096" remote="131658398550000000" Dst="0" />
<file name="glyphicons-halflings-regular.ttf" server="C:/xampp/htdocs/KPI8/" local="131658398559467079" remote="131658398550000000" Dst="0" />
<file name="glyphicons-halflings-regular.eot" server="C:/AppServ/www/KPI/" local="131658398558457021" remote="131658398550000000" Dst="0" />
<file name="glyphicons-halflings-regular.woff2" server="C:/AppServ/www/KPI/" local="131658398558757038" remote="131658398550000000" Dst="0" />
<file name="glyphicons-halflings-regular.woff" server="C:/AppServ/www/KPI/" local="131658398559767096" remote="131658398550000000" Dst="0" />
<file name="glyphicons-halflings-regular.ttf" server="C:/AppServ/www/KPI/" local="131658398559467079" remote="131658398550000000" Dst="0" />
</dwsync>