<?xml version="1.0" encoding="utf-8" ?>
<dwsync>
<file name="index.php" server="C:/xampp/htdocs/KPI1/" local="131658432325848259" remote="131658432320000000" Dst="0" />
<file name="css.php" server="C:/xampp/htdocs/KPI1/" local="131658414960374741" remote="131658414960000000" Dst="0" />
<file name="menutop.php" server="C:/xampp/htdocs/KPI1/" local="131658428530774533" remote="131658428530000000" Dst="0" />
<file name="menu_l.php" server="C:/xampp/htdocs/KPI1/" local="131658421006541901" remote="131658421000000000" Dst="0" />
<file name="footerjs.php" server="C:/xampp/htdocs/KPI1/" local="131658398549466507" remote="131658398540000000" Dst="0" />
<file name="edit_from.php" server="C:/xampp/htdocs/KPI1/" local="131658273982091092" remote="131658273980000000" Dst="0" />
<file name="employee_update_db.php" server="C:/xampp/htdocs/KPI1/" local="131655132088972683" remote="131655132080000000" Dst="0" />
<file name="edit_profile.php" server="C:/xampp/htdocs/KPI1/" local="131658225740938400" remote="131658225740000000" Dst="0" />
<file name="kpi_form_add.php" server="C:/xampp/htdocs/KPI1/" local="131658299732314738" remote="131658299730000000" Dst="0" />
<file name="KPI_form.php" server="C:/xampp/htdocs/KPI1/" local="131658272611854988" remote="131658272610000000" Dst="0" />
<file name="kpi_db.php" server="C:/xampp/htdocs/KPI1/" local="131655034615233094" remote="131655034610000000" Dst="0" />
<file name="session.php" server="C:/xampp/htdocs/KPI1/" local="131658449852112334" remote="131658449850000000" Dst="0" />
<file name="session.php" server="C:/xampp/htdocs/KPI8/" local="131658449852112334" remote="131658449850000000" Dst="0" />
<file name="css.php" server="C:/xampp/htdocs/KPI8/" local="131658414960374741" remote="131658414960000000" Dst="0" />
<file name="menutop.php" server="C:/xampp/htdocs/KPI8/" local="131658428530774533" remote="131658428530000000" Dst="0" />
<file name="menu_l.php" server="C:/xampp/htdocs/KPI8/" local="131658421006541901" remote="131658421000000000" Dst="0" />
<file name="footerjs.php" server="C:/xampp/htdocs/KPI8/" local="131658398549466507" remote="131658398540000000" Dst="0" />
<file name="index.php" server="C:/xampp/htdocs/KPI8/" local="131661003343732601" remote="131661003340000000" Dst="0" />
<file name="css.php" server="C:/AppServ/www/KPI/" local="131667686503581880" remote="131667686500000000" Dst="0" />
<file name="menutop.php" server="C:/AppServ/www/KPI/" local="131667625482351772" remote="131667625480000000" Dst="0" />
<file name="menu_l.php" server="C:/AppServ/www/KPI/" local="131668539224015979" remote="131668539220000000" Dst="0" />
<file name="footerjs.php" server="C:/AppServ/www/KPI/" local="131667622904974354" remote="131667622900000000" Dst="0" />
<file name="index.php" server="C:/AppServ/www/KPI/" local="131667713119234209" remote="131667713110000000" Dst="0" />
<file name="session.php" server="C:/AppServ/www/KPI/" local="131674772032665825" remote="131674772030000000" Dst="0" />
<file name="list_kpi.php" server="C:/AppServ/www/KPI/" local="131674789810112637" remote="131674789810000000" Dst="0" />
<file name="kpi_db.php" server="C:/AppServ/www/KPI/" local="131667897809107595" remote="131667897800000000" Dst="0" />
<file name="kpi_form_add.php" server="C:/AppServ/www/KPI/" local="131674685324686412" remote="131674685320000000" Dst="0" />
<file name="add_period_form.php" server="C:/AppServ/www/KPI/" local="131675031265327976" remote="131675031260000000" Dst="0" />
</dwsync>